E_nu_MeV,dPhi_dE_por_cm2_s_MeV
0.0000,0.000000000e+00
0.0050,0.000000000e+00
0.0100,1.610775276e+11
0.0150,3.937450674e+11
0.0200,6.264126073e+11
0.0250,1.005867420e+12
0.0300,1.385322233e+12
0.0350,1.764777046e+12
0.0400,7.367111727e+11
0.0450,9.569614527e+11
0.0500,1.177211733e+12
0.0550,1.397462013e+12
0.0600,1.617712293e+12
0.0650,1.837962573e+12
0.0700,2.058212853e+12
0.0750,2.342977388e+12
0.0800,2.627741923e+12
0.0850,2.912506458e+12
0.0900,3.197270993e+12
0.0950,3.482035529e+12
0.1000,3.766800064e+12
0.1050,4.089371340e+12
0.1100,4.411942616e+12
0.1150,4.734513892e+12
0.1200,5.057085169e+12
0.1250,5.379656445e+12
0.1300,5.702227721e+12
0.1350,6.087232147e+12
0.1400,6.472236574e+12
0.1450,6.857241000e+12
0.1500,7.242245427e+12
0.1550,7.627249853e+12
0.1600,8.012254279e+12
0.1650,6.784402325e+12
0.1700,7.117379126e+12
0.1750,7.450355927e+12
0.1800,7.783332729e+12
0.1850,8.056849387e+12
0.1900,8.330366045e+12
0.1950,8.603882703e+12
0.2000,8.877399361e+12
0.2050,9.150916019e+12
0.2100,9.424432677e+12
0.2150,9.697949336e+12
0.2200,9.295602367e+12
0.2250,8.893255399e+12
0.2300,8.490908431e+12
0.2350,8.688613407e+12
0.2400,8.886318383e+12
0.2450,9.084023358e+12
0.2500,9.281728334e+12
0.2550,9.479433310e+12
0.2600,9.677138286e+12
0.2650,9.874843261e+12
0.2700,1.007254824e+13
0.2750,1.027025321e+13
0.2800,1.046795819e+13
0.2850,1.066358206e+13
0.2900,1.085920593e+13
0.2950,1.105482980e+13
0.3000,1.125045367e+13
0.3050,1.144607754e+13
0.3100,1.164170141e+13
0.3150,1.183732528e+13
0.3200,1.203294915e+13
0.3250,1.222857302e+13
0.3300,1.242419690e+13
0.3350,8.948751533e+12
0.3400,8.796137166e+12
0.3450,8.643522798e+12
0.3500,8.490908431e+12
0.3550,8.579355394e+12
0.3600,8.667802357e+12
0.3650,8.756249320e+12
0.3700,8.844696282e+12
0.3750,8.933143245e+12
0.3800,9.021590208e+12
0.3850,9.110037171e+12
0.3900,9.198484134e+12
0.3950,8.803074182e+12
0.4000,8.407664231e+12
0.4050,8.511719481e+12
0.4100,8.615774732e+12
0.4150,8.719829982e+12
0.4200,8.823885232e+12
0.4250,8.927940483e+12
0.4300,9.031995733e+12
0.4350,9.136050984e+12
0.4400,5.910338222e+12
0.4450,5.943289051e+12
0.4500,5.976239880e+12
0.4550,6.009190710e+12
0.4600,6.042141539e+12
0.4650,6.075092368e+12
0.4700,6.108043197e+12
0.4750,6.140994027e+12
0.4800,6.173944856e+12
0.4850,6.206895685e+12
0.4900,6.239846515e+12
0.4950,6.272797344e+12
0.5000,6.305748173e+12
0.5050,6.311471212e+12
0.5100,6.317194251e+12
0.5150,6.322917290e+12
0.5200,6.328640328e+12
0.5250,6.334363367e+12
0.5300,6.340086406e+12
0.5350,6.345809444e+12
0.5400,6.351532483e+12
0.5450,6.357255522e+12
0.5500,6.362978561e+12
0.5550,6.368701600e+12
0.5600,6.374424638e+12
0.5650,6.380147677e+12
0.5700,6.385870716e+12
0.5750,6.391593755e+12
0.5800,6.397316794e+12
0.5850,6.403039832e+12
0.5900,6.408762871e+12
0.5950,6.414485910e+12
0.6000,6.420208949e+12
0.6050,6.425931987e+12
0.6100,6.431655026e+12
0.6150,6.437378065e+12
0.6200,6.443101104e+12
0.6250,6.448824142e+12
0.6300,6.454547181e+12
0.6350,6.460270220e+12
0.6400,6.465993259e+12
0.6450,6.471716298e+12
0.6500,6.477439336e+12
0.6550,6.483162375e+12
0.6600,6.488885414e+12
0.6650,6.494608453e+12
0.6700,6.500331491e+12
0.6750,6.506054530e+12
0.6800,6.511777569e+12
0.6850,6.517500608e+12
0.6900,6.523223646e+12
0.6950,6.528946685e+12
0.7000,6.534669724e+12
0.7050,6.539352210e+12
0.7100,6.544034696e+12
0.7150,6.548717183e+12
0.7200,6.553399669e+12
0.7250,6.558082155e+12
0.7300,6.562764642e+12
0.7350,6.567447128e+12
0.7400,6.572129614e+12
0.7450,6.576812100e+12
0.7500,6.581494587e+12
0.7550,6.586177073e+12
0.7600,6.590859559e+12
0.7650,6.595542046e+12
0.7700,6.600224532e+12
0.7750,6.604907018e+12
0.7800,6.609589504e+12
0.7850,6.614271990e+12
0.7900,6.618954477e+12
0.7950,6.623636963e+12
0.8000,6.628319449e+12
0.8050,6.633001936e+12
0.8100,6.637684422e+12
0.8150,6.642366908e+12
0.8200,6.647049394e+12
0.8250,6.651731881e+12
0.8300,6.656414367e+12
0.8350,6.661096853e+12
0.8400,6.665779340e+12
0.8450,6.670461826e+12
0.8500,6.675144312e+12
0.8550,6.679826798e+12
0.8600,6.684509284e+12
0.8650,6.689191771e+12
0.8700,6.693874257e+12
0.8750,6.698556743e+12
0.8800,6.703239230e+12
0.8850,6.707921716e+12
0.8900,6.712604202e+12
0.8950,6.717286688e+12
0.9000,6.721969175e+12
0.9050,6.709482545e+12
0.9100,6.696995915e+12
0.9150,6.684509284e+12
0.9200,6.672022654e+12
0.9250,6.659536024e+12
0.9300,6.647049394e+12
0.9350,6.634562764e+12
0.9400,6.622076134e+12
0.9450,6.609589504e+12
0.9500,6.597102874e+12
0.9550,6.584616244e+12
0.9600,6.572129614e+12
0.9650,6.559642984e+12
0.9700,6.547156354e+12
0.9750,6.534669724e+12
0.9800,6.522183094e+12
0.9850,6.509696464e+12
0.9900,6.497209834e+12
0.9950,6.484723204e+12
1.0000,6.472236574e+12
1.0050,6.454800289e+12
1.0100,6.437364003e+12
1.0150,6.419927718e+12
1.0200,6.402491433e+12
1.0250,6.385055148e+12
1.0300,6.367618863e+12
1.0350,6.350182577e+12
1.0400,6.332746292e+12
1.0450,6.315310007e+12
1.0500,6.297873722e+12
1.0550,6.280437437e+12
1.0600,6.263001151e+12
1.0650,6.245564866e+12
1.0700,6.228128581e+12
1.0750,6.210692296e+12
1.0800,6.193256011e+12
1.0850,6.175819725e+12
1.0900,6.158383440e+12
1.0950,6.140947155e+12
1.1000,6.123510870e+12
1.1050,6.106074585e+12
1.1100,6.088638299e+12
1.1150,6.071202014e+12
1.1200,6.053765729e+12
1.1250,6.036329444e+12
1.1300,6.018893159e+12
1.1350,6.001456873e+12
1.1400,5.984020588e+12
1.1450,5.966584303e+12
1.1500,5.949148018e+12
1.1550,5.931711733e+12
1.1600,5.914275447e+12
1.1650,5.896839162e+12
1.1700,5.879402877e+12
1.1750,5.861966592e+12
1.1800,5.844530307e+12
1.1850,5.827094021e+12
1.1900,4.661675217e+12
1.1950,4.630458642e+12
1.2000,4.599242067e+12
1.2050,4.568025492e+12
1.2100,4.536808917e+12
1.2150,4.505592342e+12
1.2200,4.474375766e+12
1.2250,4.443159191e+12
1.2300,4.411942616e+12
1.2350,4.380726041e+12
1.2400,4.349509466e+12
1.2450,4.318292891e+12
1.2500,4.287076316e+12
1.2550,4.226724270e+12
1.2600,4.166372225e+12
1.2650,4.106020180e+12
1.2700,4.045668135e+12
1.2750,3.985316090e+12
1.2800,3.924964044e+12
1.2850,3.864611999e+12
1.2900,3.804259954e+12
1.2950,3.743907909e+12
1.3000,3.683555864e+12
1.3050,3.674190891e+12
1.3100,3.664825918e+12
1.3150,3.655460946e+12
1.3200,3.646095973e+12
1.3250,3.636731001e+12
1.3300,3.627366028e+12
1.3350,3.618001056e+12
1.3400,3.608636083e+12
1.3450,3.599271111e+12
1.3500,3.589906138e+12
1.3550,3.580541166e+12
1.3600,3.571176193e+12
1.3650,3.561811221e+12
1.3700,3.552446248e+12
1.3750,3.543081276e+12
1.3800,3.533716303e+12
1.3850,3.524351330e+12
1.3900,3.514986358e+12
1.3950,3.505621385e+12
1.4000,3.496256413e+12
1.4050,3.486891440e+12
1.4100,3.477526468e+12
1.4150,3.468161495e+12
1.4200,3.458796523e+12
1.4250,3.449431550e+12
1.4300,3.440066578e+12
1.4350,3.430701605e+12
1.4400,3.421336633e+12
1.4450,3.411971660e+12
1.4500,3.402606688e+12
1.4550,3.393241715e+12
1.4600,3.383876742e+12
1.4650,3.374511770e+12
1.4700,3.365146797e+12
1.4750,3.355781825e+12
1.4800,3.346416852e+12
1.4850,3.337051880e+12
1.4900,3.327686907e+12
1.4950,3.318321935e+12
1.5000,3.308956962e+12
1.5050,3.303233923e+12
1.5100,3.297510885e+12
1.5150,3.291787846e+12
1.5200,3.286064807e+12
1.5250,3.280341768e+12
1.5300,3.274618730e+12
1.5350,3.268895691e+12
1.5400,3.263172652e+12
1.5450,3.257449613e+12
1.5500,3.251726574e+12
1.5550,3.246003536e+12
1.5600,3.240280497e+12
1.5650,3.234557458e+12
1.5700,3.228834419e+12
1.5750,3.223111381e+12
1.5800,3.217388342e+12
1.5850,3.211665303e+12
1.5900,3.205942264e+12
1.5950,3.200219226e+12
1.6000,3.194496187e+12
1.6050,3.188773148e+12
1.6100,3.183050109e+12
1.6150,3.177327070e+12
1.6200,3.171604032e+12
1.6250,3.165880993e+12
1.6300,3.160157954e+12
1.6350,3.154434915e+12
1.6400,3.148711877e+12
1.6450,3.142988838e+12
1.6500,3.137265799e+12
1.6550,3.131542760e+12
1.6600,3.125819722e+12
1.6650,3.120096683e+12
1.6700,3.114373644e+12
1.6750,3.108650605e+12
1.6800,3.102927566e+12
1.6850,3.097204528e+12
1.6900,3.091481489e+12
1.6950,3.085758450e+12
1.7000,3.080035411e+12
1.7050,3.073792096e+12
1.7100,3.067548781e+12
1.7150,3.061305466e+12
1.7200,3.055062151e+12
1.7250,3.048818836e+12
1.7300,3.042575521e+12
1.7350,3.036332206e+12
1.7400,3.030088891e+12
1.7450,3.023845576e+12
1.7500,3.017602261e+12
1.7550,3.011358946e+12
1.7600,3.005115631e+12
1.7650,2.998872316e+12
1.7700,2.992629001e+12
1.7750,2.986385686e+12
1.7800,2.980142371e+12
1.7850,2.973899056e+12
1.7900,2.967655741e+12
1.7950,2.961412426e+12
1.8000,2.955169111e+12
1.8050,2.948925796e+12
1.8100,2.942682481e+12
1.8150,2.936439166e+12
1.8200,2.930195851e+12
1.8250,2.923952536e+12
1.8300,2.917709221e+12
1.8350,2.911465906e+12
1.8400,2.905222591e+12
1.8450,2.898979276e+12
1.8500,2.892735961e+12
1.8550,2.886492646e+12
1.8600,2.880249331e+12
1.8650,2.874006016e+12
1.8700,2.867762700e+12
1.8750,2.861519386e+12
1.8800,2.855276070e+12
1.8850,2.849032756e+12
1.8900,2.842789440e+12
1.8950,2.836546125e+12
1.9000,2.830302810e+12
1.9050,2.824059495e+12
1.9100,2.817816180e+12
1.9150,2.811572865e+12
1.9200,2.805329550e+12
1.9250,2.799086235e+12
1.9300,2.792842920e+12
1.9350,2.786599605e+12
1.9400,2.780356290e+12
1.9450,2.774112975e+12
1.9500,2.767869660e+12
1.9550,2.761626345e+12
1.9600,2.755383030e+12
1.9650,2.749139715e+12
1.9700,2.742896400e+12
1.9750,2.736653085e+12
1.9800,2.730409770e+12
1.9850,2.724166455e+12
1.9900,2.717923140e+12
1.9950,2.711679825e+12
2.0000,2.665577994e+12
2.0050,2.656055602e+12
2.0100,2.646582853e+12
2.0150,2.637159206e+12
2.0200,2.627784129e+12
2.0250,2.618457096e+12
2.0300,2.609177589e+12
2.0350,2.599945095e+12
2.0400,2.590759109e+12
2.0450,2.581619133e+12
2.0500,2.572524675e+12
2.0550,2.563475249e+12
2.0600,2.554470376e+12
2.0650,2.545509583e+12
2.0700,2.536592403e+12
2.0750,2.527718377e+12
2.0800,2.518887048e+12
2.0850,2.510097970e+12
2.0900,2.501350699e+12
2.0950,2.492644799e+12
2.1000,2.483979838e+12
2.1050,2.475355390e+12
2.1100,2.466771036e+12
2.1150,2.458226361e+12
2.1200,2.449720956e+12
2.1250,2.441254418e+12
2.1300,2.432826348e+12
2.1350,2.424436352e+12
2.1400,2.416084043e+12
2.1450,2.407769038e+12
2.1500,2.399490957e+12
2.1550,2.391249429e+12
2.1600,2.383044085e+12
2.1650,2.374874562e+12
2.1700,2.366740500e+12
2.1750,2.358641546e+12
2.1800,2.350577350e+12
2.1850,2.342547568e+12
2.1900,2.334551858e+12
2.1950,2.326589886e+12
2.2000,2.318661318e+12
2.2050,2.310765830e+12
2.2100,2.302903096e+12
2.2150,2.295072798e+12
2.2200,2.287274623e+12
2.2250,2.279508259e+12
2.2300,2.271773400e+12
2.2350,2.264069743e+12
2.2400,2.256396991e+12
2.2450,2.248754848e+12
2.2500,2.241143023e+12
2.2550,2.233561231e+12
2.2600,2.226009187e+12
2.2650,2.218486612e+12
2.2700,2.210993231e+12
2.2750,2.203528772e+12
2.2800,2.196092965e+12
2.2850,2.188685546e+12
2.2900,2.181306252e+12
2.2950,2.173954827e+12
2.3000,2.166631016e+12
2.3050,2.159334566e+12
2.3100,2.152065230e+12
2.3150,2.144822763e+12
2.3200,2.137606924e+12
2.3250,2.130417475e+12
2.3300,2.123254179e+12
2.3350,2.116116806e+12
2.3400,2.109005125e+12
2.3450,2.101918912e+12
2.3500,2.094857943e+12
2.3550,2.087821998e+12
2.3600,2.080810861e+12
2.3650,2.073824316e+12
2.3700,2.066862154e+12
2.3750,2.059924165e+12
2.3800,2.053010144e+12
2.3850,2.046119887e+12
2.3900,2.039253196e+12
2.3950,2.032409871e+12
2.4000,2.025589720e+12
2.4050,2.018792548e+12
2.4100,2.012018167e+12
2.4150,2.005266390e+12
2.4200,1.998537032e+12
2.4250,1.991829912e+12
2.4300,1.985144849e+12
2.4350,1.978481667e+12
2.4400,1.971840191e+12
2.4450,1.965220249e+12
2.4500,1.958621671e+12
2.4550,1.952044290e+12
2.4600,1.945487940e+12
2.4650,1.938952457e+12
2.4700,1.932437683e+12
2.4750,1.925943457e+12
2.4800,1.919469625e+12
2.4850,1.913016030e+12
2.4900,1.906582523e+12
2.4950,1.900168952e+12
2.5000,1.893775170e+12
2.5050,1.887401032e+12
2.5100,1.881046392e+12
2.5150,1.874711111e+12
2.5200,1.868395048e+12
2.5250,1.862098066e+12
2.5300,1.855820029e+12
2.5350,1.849560802e+12
2.5400,1.843320255e+12
2.5450,1.837098257e+12
2.5500,1.830894680e+12
2.5550,1.824709398e+12
2.5600,1.818542285e+12
2.5650,1.812393220e+12
2.5700,1.806262082e+12
2.5750,1.800148750e+12
2.5800,1.794053108e+12
2.5850,1.787975040e+12
2.5900,1.781914432e+12
2.5950,1.775871172e+12
2.6000,1.769845148e+12
2.6050,1.763836252e+12
2.6100,1.757844375e+12
2.6150,1.751869412e+12
2.6200,1.745911260e+12
2.6250,1.739969813e+12
2.6300,1.734044973e+12
2.6350,1.728136638e+12
2.6400,1.722244710e+12
2.6450,1.716369093e+12
2.6500,1.710509691e+12
2.6550,1.704666410e+12
2.6600,1.698839158e+12
2.6650,1.693027844e+12
2.6700,1.687232377e+12
2.6750,1.681452670e+12
2.6800,1.675688636e+12
2.6850,1.669940189e+12
2.6900,1.664207244e+12
2.6950,1.658489720e+12
2.7000,1.652787532e+12
2.7050,1.647100603e+12
2.7100,1.641428852e+12
2.7150,1.635772200e+12
2.7200,1.630130573e+12
2.7250,1.624503893e+12
2.7300,1.618892087e+12
2.7350,1.613295082e+12
2.7400,1.607712805e+12
2.7450,1.602145186e+12
2.7500,1.596592155e+12
2.7550,1.591053644e+12
2.7600,1.585529584e+12
2.7650,1.580019910e+12
2.7700,1.574524557e+12
2.7750,1.569043459e+12
2.7800,1.563576555e+12
2.7850,1.558123781e+12
2.7900,1.552685077e+12
2.7950,1.547260382e+12
2.8000,1.541849638e+12
2.8050,1.536452786e+12
2.8100,1.531069769e+12
2.8150,1.525700531e+12
2.8200,1.520345017e+12
2.8250,1.515003172e+12
2.8300,1.509674944e+12
2.8350,1.504360278e+12
2.8400,1.499059125e+12
2.8450,1.493771433e+12
2.8500,1.488497152e+12
2.8550,1.483236233e+12
2.8600,1.477988629e+12
2.8650,1.472754292e+12
2.8700,1.467533175e+12
2.8750,1.462325233e+12
2.8800,1.457130421e+12
2.8850,1.451948695e+12
2.8900,1.446780011e+12
2.8950,1.441624327e+12
2.9000,1.436481602e+12
2.9050,1.431351794e+12
2.9100,1.426234863e+12
2.9150,1.421130770e+12
2.9200,1.416039475e+12
2.9250,1.410960941e+12
2.9300,1.405895130e+12
2.9350,1.400842004e+12
2.9400,1.395801530e+12
2.9450,1.390773670e+12
2.9500,1.385758390e+12
2.9550,1.380755655e+12
2.9600,1.375765434e+12
2.9650,1.370787691e+12
2.9700,1.365822396e+12
2.9750,1.360869516e+12
2.9800,1.355929021e+12
2.9850,1.351000880e+12
2.9900,1.346085064e+12
2.9950,1.341181541e+12
3.0000,1.336290285e+12
3.0050,1.331411267e+12
3.0100,1.326544459e+12
3.0150,1.321689834e+12
3.0200,1.316847365e+12
3.0250,1.312017026e+12
3.0300,1.307198792e+12
3.0350,1.302392637e+12
3.0400,1.297598537e+12
3.0450,1.292816468e+12
3.0500,1.288046406e+12
3.0550,1.283288327e+12
3.0600,1.278542210e+12
3.0650,1.273808031e+12
3.0700,1.269085769e+12
3.0750,1.264375402e+12
3.0800,1.259676910e+12
3.0850,1.254990271e+12
3.0900,1.250315466e+12
3.0950,1.245652474e+12
3.1000,1.241001277e+12
3.1050,1.236361855e+12
3.1100,1.231734189e+12
3.1150,1.227118262e+12
3.1200,1.222514055e+12
3.1250,1.217921551e+12
3.1300,1.213340733e+12
3.1350,1.208771583e+12
3.1400,1.204214086e+12
3.1450,1.199668224e+12
3.1500,1.195133983e+12
3.1550,1.190611346e+12
3.1600,1.186100298e+12
3.1650,1.181600824e+12
3.1700,1.177112910e+12
3.1750,1.172636542e+12
3.1800,1.168171704e+12
3.1850,1.163718383e+12
3.1900,1.159276566e+12
3.1950,1.154846240e+12
3.2000,1.150427391e+12
3.2050,1.146020006e+12
3.2100,1.141624073e+12
3.2150,1.137239580e+12
3.2200,1.132866514e+12
3.2250,1.128504864e+12
3.2300,1.124154618e+12
3.2350,1.119815764e+12
3.2400,1.115488292e+12
3.2450,1.111172190e+12
3.2500,1.106867448e+12
3.2550,1.102574054e+12
3.2600,1.098291999e+12
3.2650,1.094021272e+12
3.2700,1.089761863e+12
3.2750,1.085513762e+12
3.2800,1.081276960e+12
3.2850,1.077051447e+12
3.2900,1.072837213e+12
3.2950,1.068634248e+12
3.3000,1.064442545e+12
3.3050,1.060262094e+12
3.3100,1.056092886e+12
3.3150,1.051934912e+12
3.3200,1.047788164e+12
3.3250,1.043652633e+12
3.3300,1.039528311e+12
3.3350,1.035415189e+12
3.3400,1.031313260e+12
3.3450,1.027222515e+12
3.3500,1.023142947e+12
3.3550,1.019074547e+12
3.3600,1.015017308e+12
3.3650,1.010971222e+12
3.3700,1.006936281e+12
3.3750,1.002912478e+12
3.3800,9.988998060e+11
3.3850,9.948982568e+11
3.3900,9.909078233e+11
3.3950,9.869284982e+11
3.4000,9.829602745e+11
3.4050,9.790031448e+11
3.4100,9.750571022e+11
3.4150,9.711221394e+11
3.4200,9.671982497e+11
3.4250,9.632854258e+11
3.4300,9.593836610e+11
3.4350,9.554929482e+11
3.4400,9.516132806e+11
3.4450,9.477446514e+11
3.4500,9.438870536e+11
3.4550,9.400404805e+11
3.4600,9.362049253e+11
3.4650,9.323803811e+11
3.4700,9.285668412e+11
3.4750,9.247642988e+11
3.4800,9.209727470e+11
3.4850,9.171921792e+11
3.4900,9.134225885e+11
3.4950,9.096639681e+11
3.5000,9.059163113e+11
3.5050,9.021796111e+11
3.5100,8.984538608e+11
3.5150,8.947390534e+11
3.5200,8.910351822e+11
3.5250,8.873422402e+11
3.5300,8.836602206e+11
3.5350,8.799891162e+11
3.5400,8.763289202e+11
3.5450,8.726796255e+11
3.5500,8.690412250e+11
3.5550,8.654137118e+11
3.5600,8.617970785e+11
3.5650,8.581913181e+11
3.5700,8.545964232e+11
3.5750,8.510123868e+11
3.5800,8.474392012e+11
3.5850,8.438768593e+11
3.5900,8.403253536e+11
3.5950,8.367846766e+11
3.6000,8.332548206e+11
3.6050,8.297357782e+11
3.6100,8.262275416e+11
3.6150,8.227301030e+11
3.6200,8.192434548e+11
3.6250,8.157675889e+11
3.6300,8.123024975e+11
3.6350,8.088481726e+11
3.6400,8.054046059e+11
3.6450,8.019717894e+11
3.6500,7.985497148e+11
3.6550,7.951383739e+11
3.6600,7.917377581e+11
3.6650,7.883478590e+11
3.6700,7.849686680e+11
3.6750,7.816001764e+11
3.6800,7.782423756e+11
3.6850,7.748952567e+11
3.6900,7.715588108e+11
3.6950,7.682330288e+11
3.7000,7.649179017e+11
3.7050,7.616134203e+11
3.7100,7.583195753e+11
3.7150,7.550363572e+11
3.7200,7.517637567e+11
3.7250,7.485017641e+11
3.7300,7.452503698e+11
3.7350,7.420095640e+11
3.7400,7.387793368e+11
3.7450,7.355596782e+11
3.7500,7.323505783e+11
3.7550,7.291520267e+11
3.7600,7.259640132e+11
3.7650,7.227865274e+11
3.7700,7.196195588e+11
3.7750,7.164630969e+11
3.7800,7.133171308e+11
3.7850,7.101816498e+11
3.7900,7.070566430e+11
3.7950,7.039420993e+11
3.8000,7.008380076e+11
3.8050,6.977443565e+11
3.8100,6.946611348e+11
3.8150,6.915883310e+11
3.8200,6.885259335e+11
3.8250,6.854739305e+11
3.8300,6.824323102e+11
3.8350,6.794010608e+11
3.8400,6.763801702e+11
3.8450,6.733696261e+11
3.8500,6.703694164e+11
3.8550,6.673795286e+11
3.8600,6.643999503e+11
3.8650,6.614306687e+11
3.8700,6.584716713e+11
3.8750,6.555229450e+11
3.8800,6.525844770e+11
3.8850,6.496562542e+11
3.8900,6.467382633e+11
3.8950,6.438304911e+11
3.9000,6.409329240e+11
3.9050,6.380455487e+11
3.9100,6.351683512e+11
3.9150,6.323013180e+11
3.9200,6.294444351e+11
3.9250,6.265976884e+11
3.9300,6.237610638e+11
3.9350,6.209345471e+11
3.9400,6.181181239e+11
3.9450,6.153117797e+11
3.9500,6.125154998e+11
3.9550,6.097292697e+11
3.9600,6.069530743e+11
3.9650,6.041868988e+11
3.9700,6.014307282e+11
3.9750,5.986845471e+11
3.9800,5.959483403e+11
3.9850,5.932220924e+11
3.9900,5.905057879e+11
3.9950,5.877994110e+11
4.0000,5.851029461e+11
4.0050,5.824163773e+11
4.0100,5.797396885e+11
4.0150,5.770728636e+11
4.0200,5.744158866e+11
4.0250,5.717687409e+11
4.0300,5.691314102e+11
4.0350,5.665038779e+11
4.0400,5.638861274e+11
4.0450,5.612781418e+11
4.0500,5.586799043e+11
4.0550,5.560913979e+11
4.0600,5.535126054e+11
4.0650,5.509435098e+11
4.0700,5.483840935e+11
4.0750,5.458343393e+11
4.0800,5.432942295e+11
4.0850,5.407637466e+11
4.0900,5.382428727e+11
4.0950,5.357315900e+11
4.1000,5.332298806e+11
4.1050,5.307377264e+11
4.1100,5.282551091e+11
4.1150,5.257820106e+11
4.1200,5.233184124e+11
4.1250,5.208642962e+11
4.1300,5.184196432e+11
4.1350,5.159844349e+11
4.1400,5.135586524e+11
4.1450,5.111422769e+11
4.1500,5.087352893e+11
4.1550,5.063376707e+11
4.1600,5.039494019e+11
4.1650,5.015704635e+11
4.1700,4.992008363e+11
4.1750,4.968405007e+11
4.1800,4.944894373e+11
4.1850,4.921476263e+11
4.1900,4.898150481e+11
4.1950,4.874916828e+11
4.2000,4.851775106e+11
4.2050,4.828725113e+11
4.2100,4.805766650e+11
4.2150,4.782899514e+11
4.2200,4.760123503e+11
4.2250,4.737438413e+11
4.2300,4.714844040e+11
4.2350,4.692340179e+11
4.2400,4.669926623e+11
4.2450,4.647603166e+11
4.2500,4.625369600e+11
4.2550,4.603225717e+11
4.2600,4.581171306e+11
4.2650,4.559206159e+11
4.2700,4.537330064e+11
4.2750,4.515542810e+11
4.2800,4.493844184e+11
4.2850,4.472233973e+11
4.2900,4.450711963e+11
4.2950,4.429277939e+11
4.3000,4.407931687e+11
4.3050,4.386672990e+11
4.3100,4.365501631e+11
4.3150,4.344417393e+11
4.3200,4.323420058e+11
4.3250,4.302509407e+11
4.3300,4.281685220e+11
4.3350,4.260947277e+11
4.3400,4.240295357e+11
4.3450,4.219729239e+11
4.3500,4.199248702e+11
4.3550,4.178853521e+11
4.3600,4.158543474e+11
4.3650,4.138318338e+11
4.3700,4.118177886e+11
4.3750,4.098121895e+11
4.3800,4.078150139e+11
4.3850,4.058262391e+11
4.3900,4.038458426e+11
4.3950,4.018738014e+11
4.4000,3.999100930e+11
4.4050,3.979546943e+11
4.4100,3.960075826e+11
4.4150,3.940687350e+11
4.4200,3.921381283e+11
4.4250,3.902157397e+11
4.4300,3.883015459e+11
4.4350,3.863955240e+11
4.4400,3.844976507e+11
4.4450,3.826079027e+11
4.4500,3.807262570e+11
4.4550,3.788526900e+11
4.4600,3.769871786e+11
4.4650,3.751296993e+11
4.4700,3.732802287e+11
4.4750,3.714387434e+11
4.4800,3.696052198e+11
4.4850,3.677796344e+11
4.4900,3.659619636e+11
4.4950,3.641521839e+11
4.5000,3.623502716e+11
4.5050,3.605562030e+11
4.5100,3.587699545e+11
4.5150,3.569915023e+11
4.5200,3.552208226e+11
4.5250,3.534578917e+11
4.5300,3.517026857e+11
4.5350,3.499551809e+11
4.5400,3.482153532e+11
4.5450,3.464831789e+11
4.5500,3.447586341e+11
4.5550,3.430416947e+11
4.5600,3.413323369e+11
4.5650,3.396305366e+11
4.5700,3.379362698e+11
4.5750,3.362495126e+11
4.5800,3.345702408e+11
4.5850,3.328984305e+11
4.5900,3.312340575e+11
4.5950,3.295770978e+11
4.6000,3.279275272e+11
4.6050,3.262853217e+11
4.6100,3.246504571e+11
4.6150,3.230229093e+11
4.6200,3.214026541e+11
4.6250,3.197896674e+11
4.6300,3.181839250e+11
4.6350,3.165854027e+11
4.6400,3.149940763e+11
4.6450,3.134099216e+11
4.6500,3.118329146e+11
4.6550,3.102630308e+11
4.6600,3.087002462e+11
4.6650,3.071445365e+11
4.6700,3.055958775e+11
4.6750,3.040542451e+11
4.6800,3.025196149e+11
4.6850,3.009919628e+11
4.6900,2.994712646e+11
4.6950,2.979574960e+11
4.7000,2.964506329e+11
4.7050,2.949506511e+11
4.7100,2.934575263e+11
4.7150,2.919712343e+11
4.7200,2.904917511e+11
4.7250,2.890190524e+11
4.7300,2.875531139e+11
4.7350,2.860939117e+11
4.7400,2.846414215e+11
4.7450,2.831956191e+11
4.7500,2.817564805e+11
4.7550,2.803239815e+11
4.7600,2.788980981e+11
4.7650,2.774788060e+11
4.7700,2.760660814e+11
4.7750,2.746598999e+11
4.7800,2.732602378e+11
4.7850,2.718670708e+11
4.7900,2.704803750e+11
4.7950,2.691001263e+11
4.8000,2.677263009e+11
4.8050,2.663588747e+11
4.8100,2.649978238e+11
4.8150,2.636431243e+11
4.8200,2.622947522e+11
4.8250,2.609526838e+11
4.8300,2.596168951e+11
4.8350,2.582873623e+11
4.8400,2.569640616e+11
4.8450,2.556469692e+11
4.8500,2.543360614e+11
4.8550,2.530313144e+11
4.8600,2.517327046e+11
4.8650,2.504402081e+11
4.8700,2.491538015e+11
4.8750,2.478734610e+11
4.8800,2.465991631e+11
4.8850,2.453308842e+11
4.8900,2.440686008e+11
4.8950,2.428122894e+11
4.9000,2.415619265e+11
4.9050,2.403174886e+11
4.9100,2.390789524e+11
4.9150,2.378462945e+11
4.9200,2.366194915e+11
4.9250,2.353985201e+11
4.9300,2.341833572e+11
4.9350,2.329739793e+11
4.9400,2.317703634e+11
4.9450,2.305724863e+11
4.9500,2.293803248e+11
4.9550,2.281938559e+11
4.9600,2.270130565e+11
4.9650,2.258379036e+11
4.9700,2.246683742e+11
4.9750,2.235044454e+11
4.9800,2.223460944e+11
4.9850,2.211932982e+11
4.9900,2.200460341e+11
4.9950,2.189042792e+11
5.0000,2.177680109e+11
5.0050,2.166372065e+11
5.0100,2.155118434e+11
5.0150,2.143918988e+11
5.0200,2.132773504e+11
5.0250,2.121681756e+11
5.0300,2.110643518e+11
5.0350,2.099658568e+11
5.0400,2.088726682e+11
5.0450,2.077847635e+11
5.0500,2.067021206e+11
5.0550,2.056247172e+11
5.0600,2.045525311e+11
5.0650,2.034855402e+11
5.0700,2.024237225e+11
5.0750,2.013670558e+11
5.0800,2.003155181e+11
5.0850,1.992690876e+11
5.0900,1.982277424e+11
5.0950,1.971914605e+11
5.1000,1.961602203e+11
5.1050,1.951340000e+11
5.1100,1.941127779e+11
5.1150,1.930965323e+11
5.1200,1.920852417e+11
5.1250,1.910788846e+11
5.1300,1.900774394e+11
5.1350,1.890808848e+11
5.1400,1.880891994e+11
5.1450,1.871023618e+11
5.1500,1.861203509e+11
5.1550,1.851431453e+11
5.1600,1.841707240e+11
5.1650,1.832030658e+11
5.1700,1.822401497e+11
5.1750,1.812819547e+11
5.1800,1.803284598e+11
5.1850,1.793796443e+11
5.1900,1.784354872e+11
5.1950,1.774959679e+11
5.2000,1.765610655e+11
5.2050,1.756307595e+11
5.2100,1.747050292e+11
5.2150,1.737838542e+11
5.2200,1.728672139e+11
5.2250,1.719550879e+11
5.2300,1.710474558e+11
5.2350,1.701442975e+11
5.2400,1.692455925e+11
5.2450,1.683513208e+11
5.2500,1.674614621e+11
5.2550,1.665759965e+11
5.2600,1.656949040e+11
5.2650,1.648181644e+11
5.2700,1.639457581e+11
5.2750,1.630776652e+11
5.2800,1.622138658e+11
5.2850,1.613543403e+11
5.2900,1.604990690e+11
5.2950,1.596480324e+11
5.3000,1.588012109e+11
5.3050,1.579585851e+11
5.3100,1.571201355e+11
5.3150,1.562858429e+11
5.3200,1.554556879e+11
5.3250,1.546296513e+11
5.3300,1.538077140e+11
5.3350,1.529898568e+11
5.3400,1.521760608e+11
5.3450,1.513663070e+11
5.3500,1.505605764e+11
5.3550,1.497588502e+11
5.3600,1.489611097e+11
5.3650,1.481673360e+11
5.3700,1.473775107e+11
5.3750,1.465916150e+11
5.3800,1.458096304e+11
5.3850,1.450315386e+11
5.3900,1.442573209e+11
5.3950,1.434869592e+11
5.4000,1.427204352e+11
5.4050,1.419577305e+11
5.4100,1.411988272e+11
5.4150,1.404437070e+11
5.4200,1.396923521e+11
5.4250,1.389447443e+11
5.4300,1.382008658e+11
5.4350,1.374606989e+11
5.4400,1.367242256e+11
5.4450,1.359914284e+11
5.4500,1.352622896e+11
5.4550,1.345367915e+11
5.4600,1.338149167e+11
5.4650,1.330966478e+11
5.4700,1.323819673e+11
5.4750,1.316708580e+11
5.4800,1.309633026e+11
5.4850,1.302592838e+11
5.4900,1.295587846e+11
5.4950,1.288617880e+11
5.5000,1.281682768e+11
5.5050,1.274782342e+11
5.5100,1.267916433e+11
5.5150,1.261084874e+11
5.5200,1.254287496e+11
5.5250,1.247524133e+11
5.5300,1.240794618e+11
5.5350,1.234098787e+11
5.5400,1.227436475e+11
5.5450,1.220807517e+11
5.5500,1.214211750e+11
5.5550,1.207649010e+11
5.5600,1.201119137e+11
5.5650,1.194621967e+11
5.5700,1.188157341e+11
5.5750,1.181725097e+11
5.5800,1.175325077e+11
5.5850,1.168957121e+11
5.5900,1.162621070e+11
5.5950,1.156316767e+11
5.6000,1.150044056e+11
5.6050,1.143802778e+11
5.6100,1.137592779e+11
5.6150,1.131413904e+11
5.6200,1.125265997e+11
5.6250,1.119148906e+11
5.6300,1.113062476e+11
5.6350,1.107006554e+11
5.6400,1.100980990e+11
5.6450,1.094985632e+11
5.6500,1.089020329e+11
5.6550,1.083084930e+11
5.6600,1.077179287e+11
5.6650,1.071303250e+11
5.6700,1.065456672e+11
5.6750,1.059639405e+11
5.6800,1.053851301e+11
5.6850,1.048092215e+11
5.6900,1.042362001e+11
5.6950,1.036660514e+11
5.7000,1.030987610e+11
5.7050,1.025343144e+11
5.7100,1.019726974e+11
5.7150,1.014138957e+11
5.7200,1.008578951e+11
5.7250,1.003046815e+11
5.7300,9.975424083e+10
5.7350,9.920655908e+10
5.7400,9.866162232e+10
5.7450,9.811941666e+10
5.7500,9.757992829e+10
5.7550,9.704314345e+10
5.7600,9.650904846e+10
5.7650,9.597762967e+10
5.7700,9.544887352e+10
5.7750,9.492276651e+10
5.7800,9.439929518e+10
5.7850,9.387844615e+10
5.7900,9.336020610e+10
5.7950,9.284456176e+10
5.8000,9.233149993e+10
5.8050,9.182100746e+10
5.8100,9.131307129e+10
5.8150,9.080767838e+10
5.8200,9.030481577e+10
5.8250,8.980447058e+10
5.8300,8.930662995e+10
5.8350,8.881128111e+10
5.8400,8.831841133e+10
5.8450,8.782800797e+10
5.8500,8.734005841e+10
5.8550,8.685455013e+10
5.8600,8.637147063e+10
5.8650,8.589080749e+10
5.8700,8.541254836e+10
5.8750,8.493668093e+10
5.8800,8.446319296e+10
5.8850,8.399207225e+10
5.8900,8.352330669e+10
5.8950,8.305688420e+10
5.9000,8.259279277e+10
5.9050,8.213102046e+10
5.9100,8.167155537e+10
5.9150,8.121438566e+10
5.9200,8.075949955e+10
5.9250,8.030688533e+10
5.9300,7.985653133e+10
5.9350,7.940842595e+10
5.9400,7.896255763e+10
5.9450,7.851891490e+10
5.9500,7.807748631e+10
5.9550,7.763826048e+10
5.9600,7.720122610e+10
5.9650,7.676637190e+10
5.9700,7.633368668e+10
5.9750,7.590315928e+10
5.9800,7.547477861e+10
5.9850,7.504853363e+10
5.9900,7.462441336e+10
5.9950,7.420240686e+10
6.0000,7.378250327e+10
6.0050,7.336469177e+10
6.0100,7.294896159e+10
6.0150,7.253530204e+10
6.0200,7.212370245e+10
6.0250,7.171415223e+10
6.0300,7.130664084e+10
6.0350,7.090115780e+10
6.0400,7.049769266e+10
6.0450,7.009623504e+10
6.0500,6.969677463e+10
6.0550,6.929930114e+10
6.0600,6.890380437e+10
6.0650,6.851027414e+10
6.0700,6.811870034e+10
6.0750,6.772907292e+10
6.0800,6.734138187e+10
6.0850,6.695561723e+10
6.0900,6.657176911e+10
6.0950,6.618982765e+10
6.1000,6.580978307e+10
6.1050,6.543162562e+10
6.1100,6.505534561e+10
6.1150,6.468093340e+10
6.1200,6.430837940e+10
6.1250,6.393767408e+10
6.1300,6.356880794e+10
6.1350,6.320177157e+10
6.1400,6.283655557e+10
6.1450,6.247315061e+10
6.1500,6.211154741e+10
6.1550,6.175173675e+10
6.1600,6.139370944e+10
6.1650,6.103745636e+10
6.1700,6.068296841e+10
6.1750,6.033023658e+10
6.1800,5.997925188e+10
6.1850,5.963000538e+10
6.1900,5.928248820e+10
6.1950,5.893669152e+10
6.2000,5.859260653e+10
6.2050,5.825022452e+10
6.2100,5.790953680e+10
6.2150,5.757053472e+10
6.2200,5.723320970e+10
6.2250,5.689755321e+10
6.2300,5.656355674e+10
6.2350,5.623121185e+10
6.2400,5.590051015e+10
6.2450,5.557144329e+10
6.2500,5.524400296e+10
6.2550,5.491818092e+10
6.2600,5.459396894e+10
6.2650,5.427135888e+10
6.2700,5.395034261e+10
6.2750,5.363091208e+10
6.2800,5.331305925e+10
6.2850,5.299677616e+10
6.2900,5.268205486e+10
6.2950,5.236888749e+10
6.3000,5.205726620e+10
6.3050,5.174718320e+10
6.3100,5.143863075e+10
6.3150,5.113160114e+10
6.3200,5.082608671e+10
6.3250,5.052207985e+10
6.3300,5.021957300e+10
6.3350,4.991855862e+10
6.3400,4.961902926e+10
6.3450,4.932097746e+10
6.3500,4.902439584e+10
6.3550,4.872927705e+10
6.3600,4.843561378e+10
6.3650,4.814339879e+10
6.3700,4.785262484e+10
6.3750,4.756328478e+10
6.3800,4.727537146e+10
6.3850,4.698887780e+10
6.3900,4.670379675e+10
6.3950,4.642012132e+10
6.4000,4.613784453e+10
6.4050,4.585695948e+10
6.4100,4.557745928e+10
6.4150,4.529933710e+10
6.4200,4.502258614e+10
6.4250,4.474719966e+10
6.4300,4.447317094e+10
6.4350,4.420049332e+10
6.4400,4.392916016e+10
6.4450,4.365916488e+10
6.4500,4.339050092e+10
6.4550,4.312316178e+10
6.4600,4.285714100e+10
6.4650,4.259243214e+10
6.4700,4.232902882e+10
6.4750,4.206692469e+10
6.4800,4.180611344e+10
6.4850,4.154658880e+10
6.4900,4.128834454e+10
6.4950,4.103137447e+10
6.5000,4.077567244e+10
6.5050,4.052123234e+10
6.5100,4.026804809e+10
6.5150,4.001611364e+10
6.5200,3.976542302e+10
6.5250,3.951597024e+10
6.5300,3.926774939e+10
6.5350,3.902075459e+10
6.5400,3.877497998e+10
6.5450,3.853041975e+10
6.5500,3.828706813e+10
6.5550,3.804491939e+10
6.5600,3.780396782e+10
6.5650,3.756420775e+10
6.5700,3.732563356e+10
6.5750,3.708823967e+10
6.5800,3.685202050e+10
6.5850,3.661697055e+10
6.5900,3.638308433e+10
6.5950,3.615035640e+10
6.6000,3.591878132e+10
6.6050,3.568835374e+10
6.6100,3.545906831e+10
6.6150,3.523091971e+10
6.6200,3.500390268e+10
6.6250,3.477801198e+10
6.6300,3.455324239e+10
6.6350,3.432958876e+10
6.6400,3.410704594e+10
6.6450,3.388560883e+10
6.6500,3.366527236e+10
6.6550,3.344603149e+10
6.6600,3.322788122e+10
6.6650,3.301081659e+10
6.6700,3.279483264e+10
6.6750,3.257992449e+10
6.6800,3.236608726e+10
6.6850,3.215331610e+10
6.6900,3.194160621e+10
6.6950,3.173095282e+10
6.7000,3.152135118e+10
6.7050,3.131279657e+10
6.7100,3.110528433e+10
6.7150,3.089880979e+10
6.7200,3.069336835e+10
6.7250,3.048895541e+10
6.7300,3.028556642e+10
6.7350,3.008319685e+10
6.7400,2.988184220e+10
6.7450,2.968149802e+10
6.7500,2.948215986e+10
6.7550,2.928382332e+10
6.7600,2.908648403e+10
6.7650,2.889013763e+10
6.7700,2.869477981e+10
6.7750,2.850040629e+10
6.7800,2.830701280e+10
6.7850,2.811459512e+10
6.7900,2.792314904e+10
6.7950,2.773267039e+10
6.8000,2.754315503e+10
6.8050,2.735459884e+10
6.8100,2.716699772e+10
6.8150,2.698034763e+10
6.8200,2.679464452e+10
6.8250,2.660988439e+10
6.8300,2.642606326e+10
6.8350,2.624317718e+10
6.8400,2.606122223e+10
6.8450,2.588019450e+10
6.8500,2.570009012e+10
6.8550,2.552090526e+10
6.8600,2.534263608e+10
6.8650,2.516527879e+10
6.8700,2.498882964e+10
6.8750,2.481328486e+10
6.8800,2.463864075e+10
6.8850,2.446489362e+10
6.8900,2.429203980e+10
6.8950,2.412007564e+10
6.9000,2.394899752e+10
6.9050,2.377880187e+10
6.9100,2.360948510e+10
6.9150,2.344104368e+10
6.9200,2.327347407e+10
6.9250,2.310677279e+10
6.9300,2.294093636e+10
6.9350,2.277596133e+10
6.9400,2.261184427e+10
6.9450,2.244858178e+10
6.9500,2.228617048e+10
6.9550,2.212460701e+10
6.9600,2.196388804e+10
6.9650,2.180401024e+10
6.9700,2.164497033e+10
6.9750,2.148676503e+10
6.9800,2.132939111e+10
6.9850,2.117284532e+10
6.9900,2.101712448e+10
6.9950,2.086222538e+10
7.0000,2.070814488e+10
7.0050,2.055487981e+10
7.0100,2.040242708e+10
7.0150,2.025078356e+10
7.0200,2.009994618e+10
7.0250,1.994991188e+10
7.0300,1.980067762e+10
7.0350,1.965224037e+10
7.0400,1.950459713e+10
7.0450,1.935774492e+10
7.0500,1.921168077e+10
7.0550,1.906640174e+10
7.0600,1.892190490e+10
7.0650,1.877818734e+10
7.0700,1.863524617e+10
7.0750,1.849307852e+10
7.0800,1.835168154e+10
7.0850,1.821105239e+10
7.0900,1.807118824e+10
7.0950,1.793208631e+10
7.1000,1.779374380e+10
7.1050,1.765615795e+10
7.1100,1.751932600e+10
7.1150,1.738324523e+10
7.1200,1.724791291e+10
7.1250,1.711332634e+10
7.1300,1.697948285e+10
7.1350,1.684637975e+10
7.1400,1.671401440e+10
7.1450,1.658238416e+10
7.1500,1.645148640e+10
7.1550,1.632131852e+10
7.1600,1.619187792e+10
7.1650,1.606316203e+10
7.1700,1.593516828e+10
7.1750,1.580789412e+10
7.1800,1.568133702e+10
7.1850,1.555549445e+10
7.1900,1.543036391e+10
7.1950,1.530594291e+10
7.2000,1.518222896e+10
7.2050,1.505921959e+10
7.2100,1.493691236e+10
7.2150,1.481530482e+10
7.2200,1.469439454e+10
7.2250,1.457417910e+10
7.2300,1.445465611e+10
7.2350,1.433582317e+10
7.2400,1.421767789e+10
7.2450,1.410021792e+10
7.2500,1.398344089e+10
7.2550,1.386734446e+10
7.2600,1.375192629e+10
7.2650,1.363718406e+10
7.2700,1.352311546e+10
7.2750,1.340971819e+10
7.2800,1.329698995e+10
7.2850,1.318492846e+10
7.2900,1.307353145e+10
7.2950,1.296279666e+10
7.3000,1.285272185e+10
7.3050,1.274330475e+10
7.3100,1.263454315e+10
7.3150,1.252643482e+10
7.3200,1.241897754e+10
7.3250,1.231216911e+10
7.3300,1.220600733e+10
7.3350,1.210049001e+10
7.3400,1.199561497e+10
7.3450,1.189138004e+10
7.3500,1.178778305e+10
7.3550,1.168482185e+10
7.3600,1.158249428e+10
7.3650,1.148079820e+10
7.3700,1.137973148e+10
7.3750,1.127929200e+10
7.3800,1.117947762e+10
7.3850,1.108028623e+10
7.3900,1.098171573e+10
7.3950,1.088376402e+10
7.4000,1.078642899e+10
7.4050,1.068970856e+10
7.4100,1.059360065e+10
7.4150,1.049810317e+10
7.4200,1.040321406e+10
7.4250,1.030893124e+10
7.4300,1.021525266e+10
7.4350,1.012217625e+10
7.4400,1.002969997e+10
7.4450,9.937821767e+09
7.4500,9.846539595e+09
7.4550,9.755851419e+09
7.4600,9.665755202e+09
7.4650,9.576248914e+09
7.4700,9.487330529e+09
7.4750,9.398998022e+09
7.4800,9.311249376e+09
7.4850,9.224082573e+09
7.4900,9.137495601e+09
7.4950,9.051486450e+09
7.5000,8.966053114e+09
7.5050,8.881193588e+09
7.5100,8.796905871e+09
7.5150,8.713187964e+09
7.5200,8.630037872e+09
7.5250,8.547453600e+09
7.5300,8.465433155e+09
7.5350,8.383974549e+09
7.5400,8.303075793e+09
7.5450,8.222734901e+09
7.5500,8.142949887e+09
7.5550,8.063718768e+09
7.5600,7.985039562e+09
7.5650,7.906910288e+09
7.5700,7.829328966e+09
7.5750,7.752293616e+09
7.5800,7.675802262e+09
7.5850,7.599852924e+09
7.5900,7.524443627e+09
7.5950,7.449572392e+09
7.6000,7.375237245e+09
7.6050,7.301436209e+09
7.6100,7.228167308e+09
7.6150,7.155428565e+09
7.6200,7.083218005e+09
7.6250,7.011533652e+09
7.6300,6.940373527e+09
7.6350,6.869735655e+09
7.6400,6.799618057e+09
7.6450,6.730018755e+09
7.6500,6.660935769e+09
7.6550,6.592367119e+09
7.6600,6.524310824e+09
7.6650,6.456764903e+09
7.6700,6.389727371e+09
7.6750,6.323196244e+09
7.6800,6.257169537e+09
7.6850,6.191645262e+09
7.6900,6.126621430e+09
7.6950,6.062096051e+09
7.7000,5.998067134e+09
7.7050,5.934532684e+09
7.7100,5.871490706e+09
7.7150,5.808939204e+09
7.7200,5.746876176e+09
7.7250,5.685299624e+09
7.7300,5.624207542e+09
7.7350,5.563597926e+09
7.7400,5.503468768e+09
7.7450,5.443818058e+09
7.7500,5.384643784e+09
7.7550,5.325943932e+09
7.7600,5.267716485e+09
7.7650,5.209959423e+09
7.7700,5.152670725e+09
7.7750,5.095848365e+09
7.7800,5.039490318e+09
7.7850,4.983594553e+09
7.7900,4.928159038e+09
7.7950,4.873181738e+09
7.8000,4.818660616e+09
7.8050,4.764593632e+09
7.8100,4.710978740e+09
7.8150,4.657813897e+09
7.8200,4.605097053e+09
7.8250,4.552826156e+09
7.8300,4.500999151e+09
7.8350,4.449613981e+09
7.8400,4.398668586e+09
7.8450,4.348160903e+09
7.8500,4.298088864e+09
7.8550,4.248450402e+09
7.8600,4.199243444e+09
7.8650,4.150465915e+09
7.8700,4.102115737e+09
7.8750,4.054190829e+09
7.8800,4.006689108e+09
7.8850,3.959608487e+09
7.8900,3.912946877e+09
7.8950,3.866702185e+09
7.9000,3.820872316e+09
7.9050,3.775455171e+09
7.9100,3.730448651e+09
7.9150,3.685850651e+09
7.9200,3.641659064e+09
7.9250,3.597871783e+09
7.9300,3.554486694e+09
7.9350,3.511501684e+09
7.9400,3.468914634e+09
7.9450,3.426723426e+09
7.9500,3.384925937e+09
7.9550,3.343520042e+09
7.9600,3.302503614e+09
7.9650,3.261874522e+09
7.9700,3.221630636e+09
7.9750,3.181769820e+09
7.9800,3.142289938e+09
7.9850,3.103188850e+09
7.9900,3.064464417e+09
7.9950,3.026114494e+09
8.0000,2.988136937e+09
8.0050,2.950529598e+09
8.0100,2.913290328e+09
8.0150,2.876416977e+09
8.0200,2.839907391e+09
8.0250,2.803759418e+09
8.0300,2.767970899e+09
8.0350,2.732539680e+09
8.0400,2.697463599e+09
8.0450,2.662740498e+09
8.0500,2.628368214e+09
8.0550,2.594344586e+09
8.0600,2.560667448e+09
8.0650,2.527334638e+09
8.0700,2.494343987e+09
8.0750,2.461693331e+09
8.0800,2.429380501e+09
8.0850,2.397403330e+09
8.0900,2.365759650e+09
8.0950,2.334447290e+09
8.1000,2.303464083e+09
8.1050,2.272807858e+09
8.1100,2.242476445e+09
8.1150,2.212467675e+09
8.1200,2.182779378e+09
8.1250,2.153409386e+09
8.1300,2.124355527e+09
8.1350,2.095615635e+09
8.1400,2.067187539e+09
8.1450,2.039069074e+09
8.1500,2.011258071e+09
8.1550,1.983752366e+09
8.1600,1.956549791e+09
8.1650,1.929648185e+09
8.1700,1.903045384e+09
8.1750,1.876739226e+09
8.1800,1.850727552e+09
8.1850,1.825008202e+09
8.1900,1.799579022e+09
8.1950,1.774437855e+09
8.2000,1.749582549e+09
8.2050,1.725010952e+09
8.2100,1.700720918e+09
8.2150,1.676710298e+09
8.2200,1.652976949e+09
8.2250,1.629518730e+09
8.2300,1.606333503e+09
8.2350,1.583419131e+09
8.2400,1.560773483e+09
8.2450,1.538394428e+09
8.2500,1.516279841e+09
8.2550,1.494427598e+09
8.2600,1.472835580e+09
8.2650,1.451501671e+09
8.2700,1.430423759e+09
8.2750,1.409599737e+09
8.2800,1.389027499e+09
8.2850,1.368704946e+09
8.2900,1.348629983e+09
8.2950,1.328800518e+09
8.3000,1.309214465e+09
8.3050,1.289869742e+09
8.3100,1.270764271e+09
8.3150,1.251895982e+09
8.3200,1.233262805e+09
8.3250,1.214862681e+09
8.3300,1.196693553e+09
8.3350,1.178753369e+09
8.3400,1.161040084e+09
8.3450,1.143551660e+09
8.3500,1.126286061e+09
8.3550,1.109241261e+09
8.3600,1.092415238e+09
8.3650,1.075805977e+09
8.3700,1.059411469e+09
8.3750,1.043229712e+09
8.3800,1.027258710e+09
8.3850,1.011496474e+09
8.3900,9.959410222e+08
8.3950,9.805903797e+08
8.4000,9.654425787e+08
8.4050,9.504956585e+08
8.4100,9.357476661e+08
8.4150,9.211966557e+08
8.4200,9.068406893e+08
8.4250,8.926778367e+08
8.4300,8.787061753e+08
8.4350,8.649237907e+08
8.4400,8.513287765e+08
8.4450,8.379192345e+08
8.4500,8.246932748e+08
8.4550,8.116490160e+08
8.4600,7.987845851e+08
8.4650,7.860981178e+08
8.4700,7.735877585e+08
8.4750,7.612516606e+08
8.4800,7.490879862e+08
8.4850,7.370949066e+08
8.4900,7.252706023e+08
8.4950,7.136132628e+08
8.5000,7.021210872e+08
8.5050,6.907922840e+08
8.5100,6.796250710e+08
8.5150,6.686176759e+08
8.5200,6.577683360e+08
8.5250,6.470752984e+08
8.5300,6.365368200e+08
8.5350,6.261511679e+08
8.5400,6.159166190e+08
8.5450,6.058314606e+08
8.5500,5.958939898e+08
8.5550,5.861025145e+08
8.5600,5.764553526e+08
8.5650,5.669508326e+08
8.5700,5.575872934e+08
8.5750,5.483630847e+08
8.5800,5.392765665e+08
8.5850,5.303261099e+08
8.5900,5.215100966e+08
8.5950,5.128269190e+08
8.6000,5.042749807e+08
8.6050,4.958526961e+08
8.6100,4.875584905e+08
8.6150,4.793908005e+08
8.6200,4.713480738e+08
8.6250,4.634287691e+08
8.6300,4.556313564e+08
8.6350,4.479543170e+08
8.6400,4.403961436e+08
8.6450,4.329553400e+08
8.6500,4.256304218e+08
8.6550,4.184199155e+08
8.6600,4.113223596e+08
8.6650,4.043363037e+08
8.6700,3.974603091e+08
8.6750,3.906929488e+08
8.6800,3.840328071e+08
8.6850,3.774784802e+08
8.6900,3.710285757e+08
8.6950,3.646817130e+08
8.7000,3.584365232e+08
8.7050,3.522916490e+08
8.7100,3.462457449e+08
8.7150,3.402974771e+08
8.7200,3.344455235e+08
8.7250,3.286885739e+08
8.7300,3.230253297e+08
8.7350,3.174545041e+08
8.7400,3.119748222e+08
8.7450,3.065850206e+08
8.7500,3.012838479e+08
8.7550,2.960700644e+08
8.7600,2.909424421e+08
8.7650,2.858997649e+08
8.7700,2.809408284e+08
8.7750,2.760644398e+08
8.7800,2.712694182e+08
8.7850,2.665545944e+08
8.7900,2.619188107e+08
8.7950,2.573609214e+08
8.8000,2.528797922e+08
8.8050,2.484743007e+08
8.8100,2.441433357e+08
8.8150,2.398857981e+08
8.8200,2.357006001e+08
8.8250,2.315866654e+08
8.8300,2.275429294e+08
8.8350,2.235683389e+08
8.8400,2.196618520e+08
8.8450,2.158224385e+08
8.8500,2.120490794e+08
8.8550,2.083407671e+08
8.8600,2.046965053e+08
8.8650,2.011153090e+08
8.8700,1.975962043e+08
8.8750,1.941382287e+08
8.8800,1.907404306e+08
8.8850,1.874018698e+08
8.8900,1.841216168e+08
8.8950,1.808987533e+08
8.9000,1.777323720e+08
8.9050,1.746215763e+08
8.9100,1.715654806e+08
8.9150,1.685632100e+08
8.9200,1.656139004e+08
8.9250,1.627166984e+08
8.9300,1.598707612e+08
8.9350,1.570752565e+08
8.9400,1.543293625e+08
8.9450,1.516322680e+08
8.9500,1.489831720e+08
8.9550,1.463812839e+08
8.9600,1.438258235e+08
8.9650,1.413160204e+08
8.9700,1.388511148e+08
8.9750,1.364303566e+08
8.9800,1.340530058e+08
8.9850,1.317183324e+08
8.9900,1.294256162e+08
8.9950,1.271741467e+08
9.0000,1.249632233e+08
9.0050,1.227921549e+08
9.0100,1.206602600e+08
9.0150,1.185668666e+08
9.0200,1.165113120e+08
9.0250,1.144929432e+08
9.0300,1.125111160e+08
9.0350,1.105651958e+08
9.0400,1.086545568e+08
9.0450,1.067785826e+08
9.0500,1.049366654e+08
9.0550,1.031282065e+08
9.0600,1.013526160e+08
9.0650,9.960931263e+07
9.0700,9.789772391e+07
9.0750,9.621728582e+07
9.0800,9.456744289e+07
9.0850,9.294764805e+07
9.0900,9.135736255e+07
9.0950,8.979605591e+07
9.1000,8.826320583e+07
9.1050,8.675829807e+07
9.1100,8.528082642e+07
9.1150,8.383029259e+07
9.1200,8.240620614e+07
9.1250,8.100808440e+07
9.1300,7.963545236e+07
9.1350,7.828784263e+07
9.1400,7.696479533e+07
9.1450,7.566585801e+07
9.1500,7.439058558e+07
9.1550,7.313854022e+07
9.1600,7.190929130e+07
9.1650,7.070241528e+07
9.1700,6.951749566e+07
9.1750,6.835412289e+07
9.1800,6.721189425e+07
9.1850,6.609041383e+07
9.1900,6.498929241e+07
9.1950,6.390814735e+07
9.2000,6.284660260e+07
9.2050,6.180428853e+07
9.2100,6.078084187e+07
9.2150,5.977590567e+07
9.2200,5.878912918e+07
9.2250,5.782016777e+07
9.2300,5.686868287e+07
9.2350,5.593434189e+07
9.2400,5.501681810e+07
9.2450,5.411579062e+07
9.2500,5.323094429e+07
9.2550,5.236196960e+07
9.2600,5.150856262e+07
9.2650,5.067042493e+07
9.2700,4.984726352e+07
9.2750,4.903879074e+07
9.2800,4.824472420e+07
9.2850,4.746478673e+07
9.2900,4.669870624e+07
9.2950,4.594621571e+07
9.3000,4.520705311e+07
9.3050,4.448096126e+07
9.3100,4.376768784e+07
9.3150,4.306698528e+07
9.3200,4.237861067e+07
9.3250,4.170232573e+07
9.3300,4.103789670e+07
9.3350,4.038509428e+07
9.3400,3.974369359e+07
9.3450,3.911347407e+07
9.3500,3.849421939e+07
9.3550,3.788571745e+07
9.3600,3.728776024e+07
9.3650,3.670014383e+07
9.3700,3.612266826e+07
9.3750,3.555513749e+07
9.3800,3.499735936e+07
9.3850,3.444914548e+07
9.3900,3.391031120e+07
9.3950,3.338067553e+07
9.4000,3.286006109e+07
9.4050,3.234829404e+07
9.4100,3.184520401e+07
9.4150,3.135062406e+07
9.4200,3.086439061e+07
9.4250,3.038634338e+07
9.4300,2.991632531e+07
9.4350,2.945418255e+07
9.4400,2.899976438e+07
9.4450,2.855292311e+07
9.4500,2.811351411e+07
9.4550,2.768139568e+07
9.4600,2.725642902e+07
9.4650,2.683847822e+07
9.4700,2.642741011e+07
9.4750,2.602309431e+07
9.4800,2.562540311e+07
9.4850,2.523421144e+07
9.4900,2.484939683e+07
9.4950,2.447083935e+07
9.5000,2.409842155e+07
9.5050,2.373202845e+07
9.5100,2.337154743e+07
9.5150,2.301686825e+07
9.5200,2.266788294e+07
9.5250,2.232448583e+07
9.5300,2.198657343e+07
9.5350,2.165404441e+07
9.5400,2.132679960e+07
9.5450,2.100474187e+07
9.5500,2.068777616e+07
9.5550,2.037580938e+07
9.5600,2.006875043e+07
9.5650,1.976651007e+07
9.5700,1.946900100e+07
9.5750,1.917613771e+07
9.5800,1.888783651e+07
9.5850,1.860401546e+07
9.5900,1.832459434e+07
9.5950,1.804949462e+07
9.6000,1.777863943e+07
9.6050,1.751195351e+07
9.6100,1.724936316e+07
9.6150,1.699079626e+07
9.6200,1.673618217e+07
9.6250,1.648545176e+07
9.6300,1.623853731e+07
9.6350,1.599537257e+07
9.6400,1.575589262e+07
9.6450,1.552003391e+07
9.6500,1.528773424e+07
9.6550,1.505893268e+07
9.6600,1.483356957e+07
9.6650,1.461158648e+07
9.6700,1.439292620e+07
9.6750,1.417753270e+07
9.6800,1.396535111e+07
9.6850,1.375632769e+07
9.6900,1.355040978e+07
9.6950,1.334754583e+07
9.7000,1.314768534e+07
9.7050,1.295077881e+07
9.7100,1.275677778e+07
9.7150,1.256563476e+07
9.7200,1.237730323e+07
9.7250,1.219173758e+07
9.7300,1.200889315e+07
9.7350,1.182872616e+07
9.7400,1.165119370e+07
9.7450,1.147625372e+07
9.7500,1.130386502e+07
9.7550,1.113398718e+07
9.7600,1.096658061e+07
9.7650,1.080160646e+07
9.7700,1.063902669e+07
9.7750,1.047880395e+07
9.7800,1.032090165e+07
9.7850,1.016528388e+07
9.7900,1.001191545e+07
9.7950,9.860761807e+06
9.8000,9.711789088e+06
9.8050,9.564964056e+06
9.8100,9.420254106e+06
9.8150,9.277627246e+06
9.8200,9.137052081e+06
9.8250,8.998497802e+06
9.8300,8.861934167e+06
9.8350,8.727331495e+06
9.8400,8.594660645e+06
9.8450,8.463893011e+06
9.8500,8.335000504e+06
9.8550,8.207955540e+06
9.8600,8.082731033e+06
9.8650,7.959300378e+06
9.8700,7.837637441e+06
9.8750,7.717716552e+06
9.8800,7.599512489e+06
9.8850,7.483000471e+06
9.8900,7.368156145e+06
9.8950,7.254955580e+06
9.9000,7.143375252e+06
9.9050,7.033392041e+06
9.9100,6.924983216e+06
9.9150,6.818126431e+06
9.9200,6.712799711e+06
9.9250,6.608981447e+06
9.9300,6.506650390e+06
9.9350,6.405785638e+06
9.9400,6.306366628e+06
9.9450,6.208373135e+06
9.9500,6.111785258e+06
9.9550,6.016583416e+06
9.9600,5.922748337e+06
9.9650,5.830261059e+06
9.9700,5.739102915e+06
9.9750,5.649255531e+06
9.9800,5.560700820e+06
9.9850,5.473420972e+06
9.9900,5.387398453e+06
9.9950,5.302615997e+06
10.0000,5.219056598e+06
