Ne,sim_creados,sim_extraidos,red100_creados,red100_extraidos,sim_reconstruido,sim_ajuste_effROI,red100_senal_antes_cortes,red100_senal_despues_cortes,effROI
0,1.112364000e+01,2.406049000e+01,8.851981517e+00,1.322803475e+01,,,,,
1,1.307562000e+01,9.050394000e+00,1.400933258e+01,7.892166913e+00,,,,,
2,6.836882000e+00,1.808386000e+00,6.644004326e+00,1.332326272e+00,,,,,
3,2.548594000e+00,3.134508000e-01,2.365003434e+00,2.005306148e-01,,,,,
4,1.036624000e+00,5.372090000e-02,9.442301890e-01,3.018219209e-02,1.933972200e-02,2.647607900e-03,1.451325100e-02,1.987556000e-03,1.369000000e-01
5,4.235536000e-01,8.522876000e-03,3.992510858e-01,4.289421792e-03,1.540785900e-02,5.039910800e-03,1.201799300e-02,3.931315000e-03,3.271000000e-01
6,1.634363000e-01,1.233289000e-03,1.421176361e-01,5.756050700e-04,2.646793800e-03,1.615867600e-03,2.075998000e-03,1.267480000e-03,6.105000000e-01
7,5.894864000e-02,1.633291000e-04,5.674062052e-02,7.724145879e-05,3.067694500e-04,2.261811200e-04,2.531400000e-04,1.866420000e-04,7.373000000e-01
8,2.003300000e-02,1.986878000e-05,1.205027296e-02,1.380978496e-05,,,,,
9,6.416633000e-03,2.227880000e-06,6.788529365e-03,1.313348742e-06,,,,,
10,1.910778000e-03,2.312694000e-07,2.416448646e-03,2.633666306e-07,,,,,
11,5.337705000e-04,2.221775000e-08,,,,,,,
12,1.409488000e-04,1.951443000e-09,,,,,,,
13,3.576578000e-05,1.528799000e-10,,,,,,,
14,8.644497000e-06,1.033292000e-11,,,,,,,
15,1.907393000e-06,5.809507000e-13,,,,,,,
