# Curvas Delta chi^2(A) de RED-100 (arXiv:2411.18641v1, pagina 8): observada (ON-OFF) y esperada (Asimov), SM2018.
# Metodo: pdftocairo -svg; vertices de las dos curvas; ejes calibrados con sus marcas (A: 0-80 x SM; Dchi2: 0 y 2).
# Generado por python/extrae_pdf_red100.py
curva,A,dchi2
observada,0.0000,0.03170
observada,2.0007,0.01453
observada,4.0013,0.00396
observada,6.0001,-0.00001
observada,8.0008,0.00264
observada,9.9995,0.01188
observada,12.0002,0.02774
observada,14.0009,0.05041
observada,15.9996,0.07948
observada,18.0003,0.11514
observada,20.0010,0.15742
observada,21.9997,0.20651
observada,24.0004,0.26200
observada,26.0011,0.32430
observada,27.9998,0.39300
observada,30.0999,0.47248
observada,32.1999,0.55901
observada,34.2999,0.65302
observada,36.4000,0.75430
observada,38.5000,0.86284
observada,40.6000,0.97865
observada,42.7001,1.10172
observada,44.8001,1.23206
observada,46.9001,1.36967
observada,49.1014,1.52181
observada,51.3008,1.68187
observada,53.5002,1.85008
observada,55.6997,2.02600
observada,57.9009,2.21006
observada,60.1004,2.40227
observada,62.4010,2.61165
observada,64.6998,2.82962
observada,67.0005,3.05661
observada,69.3011,3.29219
observada,71.5999,3.53658
observada,73.9006,3.78955
observada,76.3006,4.06301
observada,78.7006,4.34592
observada,81.1007,4.63853
observada,83.5007,4.94060
observada,85.8576,5.24642
esperada,0.0000,0.00088
esperada,2.0007,0.00088
esperada,4.0013,0.00748
esperada,6.0001,0.02069
esperada,8.0008,0.04073
esperada,9.9995,0.06715
esperada,12.0002,0.10039
esperada,14.0009,0.14024
esperada,15.9996,0.18692
esperada,18.0003,0.23998
esperada,20.0010,0.29987
esperada,21.9997,0.36636
esperada,24.0004,0.43945
esperada,26.1004,0.52334
esperada,28.2005,0.61449
esperada,30.3005,0.71312
esperada,32.4005,0.81903
esperada,34.5006,0.93219
esperada,36.6006,1.05263
esperada,38.7006,1.18054
esperada,40.8007,1.31573
esperada,42.9007,1.45840
esperada,45.1001,1.61538
esperada,47.3014,1.78073
esperada,49.5008,1.95400
esperada,51.7002,2.13520
esperada,53.8996,2.32455
esperada,56.1009,2.52182
esperada,58.3997,2.73692
esperada,60.7004,2.96062
esperada,63.0010,3.19312
esperada,65.2998,3.43442
esperada,67.6005,3.68453
esperada,70.0005,3.95490
esperada,72.4005,4.23474
esperada,74.8006,4.52426
esperada,77.2006,4.82325
esperada,79.6007,5.13193
esperada,80.4726,5.24642
