# Residuo ON-OFF de RED-100 y limite al 90% C.L. por bin (arXiv:2411.18641v1, pagina 7, figura de residuos).
# Metodo: pdftocairo -svg sobre la pagina; geometria vectorial exacta (marcadores, barras de error, barras naranja);
# ejes calibrados con sus marcas (E: 110-190 PE; D: 2000-4000 ns; R: 0-15000 mm^2; y: 0.2, 0.0, -0.2 cuentas/(kg dia)).
# limite90 = A_90 * R_i con A_90 = 63 (SM2018, Tabla I del paper): R_i = limite90/63.
# Paneles: E energia corregida [PE], D duracion [ns], R radio^2 [mm^2]. sigma = semilongitud de la barra de error.
# Generado por python/extrae_pdf_red100.py
panel,x,dN,sigma,limite90
E,112.6323,-0.181212,0.192755,0.055383
E,117.9002,0.099632,0.172145,0.060049
E,123.1665,-0.259312,0.173598,0.064552
E,128.4328,0.109701,0.139378,0.059435
E,133.6999,0.144126,0.122329,0.050839
E,138.9670,-0.002702,0.119259,0.041588
E,144.2332,-0.146377,0.120364,0.033074
E,149.4995,0.098199,0.098813,0.027098
E,154.7674,0.000205,0.087270,0.020344
E,160.0337,-0.076381,0.086942,0.016865
E,165.3000,0.058002,0.065330,0.012485
E,170.5662,-0.024969,0.069566,0.008760
E,175.8341,0.023209,0.061318,0.006467
E,181.1004,0.002333,0.063119,0.005158
E,186.3667,0.153050,0.052538,0.003316
D,1776.6791,0.032706,0.064327,0.006017
D,1930.0100,-0.045149,0.122472,0.026975
D,2083.3409,-0.050798,0.159885,0.061932
D,2236.6718,0.064838,0.170651,0.082399
D,2390.0027,-0.272820,0.185387,0.080434
D,2543.3336,-0.041322,0.161052,0.066148
D,2696.6645,0.154114,0.132890,0.048178
D,2849.9954,-0.024232,0.121551,0.033402
D,3003.3263,-0.058862,0.107798,0.022677
D,3156.6573,0.176893,0.078694,0.015637
D,3309.9882,-0.065616,0.085325,0.009087
D,3463.3191,-0.015473,0.072247,0.005690
D,3616.6500,0.017519,0.063713,0.003807
D,3769.9809,0.046070,0.050491,0.002129
D,3923.3118,0.079697,0.032644,0.000901
R,653.2663,-0.033647,0.157020,0.058616
R,1959.9529,0.138109,0.143389,0.053172
R,3266.6394,-0.080229,0.140667,0.047646
R,4573.3260,-0.034670,0.141486,0.044699
R,5880.0126,-0.169382,0.135428,0.041834
R,7186.6992,0.025583,0.134179,0.037986
R,8493.3857,0.057552,0.110479,0.034016
R,9800.0723,0.045477,0.114634,0.031928
R,11106.7589,-0.006304,0.104380,0.027343
R,12413.4454,0.005117,0.101433,0.023741
R,13720.1320,0.036144,0.100573,0.020303
R,15026.8186,-0.041588,0.089808,0.015514
R,16333.5052,-0.051044,0.087659,0.012321
R,17640.1917,-0.007307,0.079063,0.009537
R,18946.8783,0.113672,0.067438,0.006713
